

SET NAMES utf8;
SET time_zone = '+00:00';
SET foreign_key_checks = 0;
SET sql_mode = 'NO_AUTO_VALUE_ON_ZERO';

DROP TABLE IF EXISTS `articles`;
CREATE TABLE `articles` (
  `id` int(11) NOT NULL AUTO_INCREMENT,
  `title` varchar(255) NOT NULL,
  `content` longtext NOT NULL,
  `image` varchar(255) NOT NULL,
  `author` int(11) NOT NULL,
  PRIMARY KEY (`id`),
  KEY `author` (`author`),
  CONSTRAINT `articles_ibfk_1` FOREIGN KEY (`author`) REFERENCES `users` (`id`)
) ENGINE=InnoDB DEFAULT CHARSET=utf8;

INSERT INTO `articles` (`id`, `title`, `content`, `image`, `author`) VALUES
                                                                            (1,	'Test',	'Philomena Parasprite Smarty Pants Ms. Harshwhinny mane Lord Tirek Pound Cake Ponyville Sonata Dusk Soarin Princess Celestia pony cloud. Horn Fancy Pants Lightning Dust, Ms. Harshwhinny Hoity Toity Silver Shill Trixie Spitfire Aria Blaze. And that\'s how Equestria was made! Aria Blaze Smarty Pants cupcakes Apple Jack alicorn Pound Cake, Mayor Mare Maud Pie Seabreeze Flash Sentry Steven Magnet Philomena Winona.',	'mlp-subscribe.jpg',	1),
                                                                            (2,	'Test',	'Tank moon Flim, mane Cranky Doodle Donkey Big McIntosh muffins generosity Photo Finish Fancy Pants Caramel Ms. Harshwhinny hoof. Rainbow Dash Bon Bon Babs Seed, Cheese Sandwich Pumpkin Cake Aria Blaze Ponyville pegasai Daring Do friendship sun Spitfire rainbow power Canterlot. Apple Bloom Flam Dr. Caballeron Cranky Doodle Donkey Seabreeze. Tank Filthy Rich loyalty Parasprite, Snips Equestria Photo Finish elements of harmony Dr Hooves rainbow power. Flim Mr. Cake Big McIntosh Winona. A. K. Yearling muffins Caramel mane Silver Shill Peewee Matilda wing Ms. Peachbottom Scootaloo Flash Sentry Cheerilee.',	'5be73f3fa1c5d-twilight_low.png',	1),
                                                                            (3,	'Test 3',	'Lord Tirek breezies magic Gummy Queen Chrysalis. Rainbow power Shadowbolts friend Flim Ponyville. Cutie mark Adagio Dazzle Smarty Pants, Twilight Sparkle laugher honesty Dr Hooves clop magic Discord Ponyville dragon Lord Tirek friends. Braeburn pie Goldie Delicious Princess Cadance Mrs. Cake Rarity Maud Pie Flam party Ms. Harshwhinny Big McIntosh Matilda Gilda Soarin pegasus. Big McIntosh Winona Caramel Princess Cadance.\r\n\r\nIt needs to be about 20% cooler. Apples Steven Magnet Flam horn, Ms. Peachbottom Queen Chrysalis Flim Pinkie Pie Rainbow Dash Lord Tirek Aria Blaze. Clop Big McIntosh friends Dr. Caballeron Adagio Dazzle, Apple Jack Aria Blaze Fancy Pants honesty flank Matilda Bon Bon Lord Tirek. Snails Dr. Caballeron Dr Hooves Seabreeze horn Trixie Aria Blaze Mayor Mare. Aria Blaze pie Coco Pommel, harmony Rainbow Dash Filthy Rich Photo Finish Silver Shill Pinkie Pie Queen Chrysalis. Coco Pommel horn Shining Armor Maud Pie Scootaloo. It needs to be about 20% cooler.',	'5be745ad476be-images (1).jpg',	1),
                                                                            (6,	'toto',	'Granny Smith Braeburn Canterlot Everfree Forest Pound Cake Lightning Dust Prince Blueblood Pipsqueak Apple Bloom sun. Seabreeze chaos King Sombra Diamond Tiara, friendship unicorn Parasprite Derpy. And then I said &quot;Oatmeal? Are you crazy?&quot; Hooves Prince Blueblood Flim pie Gilda wing. Party Matilda Hoity Toity Sunset Shimmer wing cupcake Canterlot Snips apples Pound Cake Adagio Dazzle muffin Bloomberg Lightning Dust. Twilight Sparkle friend Lord Tirek Coco Pommel Wonderbolts Steven Magnet Big McIntosh Nightmare Moon Gummy friendship pies Seabreeze Adagio Dazzle Soarin Bon Bon. Shining Armor pony waterfall kindness Photo Finish hoof elements of harmony Apple Bloom Aria Blaze Princess Cadance Dr Hooves Vinyl Scratch Seabreeze.\r\n\r\nFeatherweight Braeburn Equestria breezies Ponyville Cheerilee Scootaloo Opalescence Princess Celestia Twist friendship Daring Do rainbow Lyra Dr Hooves. You\'re going to love me! Cupcakes Owlowiscious pies Steven Magnet. Derpy Angel unicorn, chaos Fluttershy Discord kindness Adagio Dazzle Coco Pommel breezies Soarin Diamond Tiara cutie mark. Pipsqueak moon Princess Celestia kindness Braeburn King Sombra sun Silver Shill Lightning Dust. Bon Bon Lord Tirek Babs Seed Filthy Rich generosity magic Smarty Pants Mayor Mare Braeburn.',	'5be7463a6151e-my-little-pony-the-movie.jpg',	1),
                                                                            (8,	'mlp',	'Prim Hemline Princess Luna Dr. Caballeron Photo Finish Ms. Peachbottom. Pies Sunset Shimmer Sweetie Belle Lyra moon kindness Filthy Rich loyalty Opalescence Queen Chrysalis apple Goldie Delicious Ponyville Silver Spoon. Mane Sonata Dusk Nightmare Moon Snips. Tail honesty pegasus Coco Pommel Big McIntosh Princess Cadance Canterlot Fancy Pants alicorn Babs Seed apples Fluttershy. Ponyville Lyra sun A. K. Yearling, muffins Babs Seed harmony Mayor Mare.\r\n\r\nAria Blaze tail Caramel Discord Princess Luna honesty breezies pegasai Gummy. Breezies Twilight Sparkle Filthy Rich, King Sombra Silver Spoon Zecora Rainbow Dash. Chaos unicorn pie unicorns alicorn Sunset Shimmer Filthy Rich Featherweight. Derpy Lightning Dust Apple Jack muffins Lord Tirek wing, Everfree Forest generosity Maud Pie Granny Smith friends Canterlot pies Pound Cake.',	'5be8b355d5452-téléchargement (1).jpg',	2),
                                                                            (9,	'petit poney 2',	'Derpy Daring Do Shining Armor Flam Sweetie Belle sun. Winona Silver Spoon hot air balloon Bon Bon Queen Chrysalis pegasai Prince Blueblood Coco Pommel Mr. Cake. Adagio Dazzle sun Iron Will Shining Armor dragon gryphon Aria Blaze. Coco Pommel Gilda Twilight Sparkle Gummy. Daring Do pegasai Iron Will Twist magic Sonata Dusk Prince Blueblood Discord Nightmare Moon generosity tail Soarin dragon Cheerilee.\r\n\r\nHorn Prince Blueblood A. K. Yearling Sweetie Drops, Discord apple Zecora King Sombra Sonata Dusk Snails breezies Pipsqueak Silver Spoon. A. K. Yearling rainbow Spitfire, Bloomberg pie elements of harmony Steven Magnet. Snails Seabreeze Twist Twilight Sparkle Angel Photo Finish, Silver Spoon Featherweight. Winona Featherweight Granny Smith, Sunset Shimmer Fancy Pants Prim Hemline cutie mark unicorns pony. King Sombra Queen Chrysalis pies Philomena Mr. Cake pie, Adagio Dazzle Opalescence Big McIntosh Sweetie Belle gryphon cloud Silver Spoon Diamond Tiara.\r\n\r\nFlank Parasprite Coco Pommel Cheese Sandwich Cheerilee. Cranky Doodle Donkey loyalty A. K. Yearling magic Peewee Matilda, Mayor Mare Coco Pommel Canterlot Wonderbolts pony dragon Babs Seed. A. K. Yearling Equestria breezies pies Wonderbolts Discord friends Cherry Jubilee Cheerilee Pound Cake Sonata Dusk apple Shadowbolts Rarity Bloomberg. Flash Sentry muffins Princess Celestia Discord Silver Shill Canterlot, Tank Suri Polomare breezies Derpy Filthy Rich unicorn Steven Magnet Aria Blaze. Pie kindness tail Sweetie Belle, Angel A. K. Yearling Caramel Ahuizotl Canterlot elements of harmony Flam. Princess Cadance Goldie Delicious Fluttershy Coco Pommel, Flash Sentry Queen Chrysalis party Flam friends. Iron Will Ms. Peachbottom Mrs. Cake Queen Chrysalis clop hooves.',	'5be8b3e4cb42e-bpony.png',	2);

DROP TABLE IF EXISTS `comments`;
CREATE TABLE `comments` (
  `id` int(11) NOT NULL AUTO_INCREMENT,
  `username` varchar(255) CHARACTER SET utf8 NOT NULL,
  `content` longtext CHARACTER SET utf8 NOT NULL,
  `article` int(11) NOT NULL,
  PRIMARY KEY (`id`),
  KEY `article` (`article`),
  CONSTRAINT `comments_ibfk_1` FOREIGN KEY (`article`) REFERENCES `articles` (`id`)
) ENGINE=InnoDB DEFAULT CHARSET=latin1;

INSERT INTO `comments` (`id`, `username`, `content`, `article`) VALUES
                                                                       (1,	'test',	'test commentaire',	2),
                                                                       (2,	'damien',	'test de commentaire',	2),
                                                                       (5,	'damien',	'je fais des test',	1),
                                                                       (7,	'damien',	'test',	2);

DROP TABLE IF EXISTS `users`;
CREATE TABLE `users` (
  `id` int(11) NOT NULL AUTO_INCREMENT,
  `username` varchar(255) NOT NULL,
  `password` varchar(255) NOT NULL,
  PRIMARY KEY (`id`)
) ENGINE=InnoDB DEFAULT CHARSET=utf8;

INSERT INTO `users` (`id`, `username`, `password`) VALUES
                                                          (1,	'damien',	'$2y$12$s/wGRary2Xq31SiSd3j3Pu5Muiy5ne5Is96FEiPQj06n5hmgSj0kS'),
                                                          (2,	'test',	'$2y$12$IA3Z02eiNY4sw7.rbm6/2./kJjKBT0NjoC5r3jvh5kLRB785ZqP0S');

